﻿Designator,Quantity,Value,Footprint,Package,MPN,DNP,Mount_Type
"C1, C3",2,100nF,C_0805_2012Metric_Pad1.18x1.45mm_HandSolder,,,,smt
C2,1,470uF,CP_Radial_D5.0mm_P2.50mm,,,,tht
"D1, D4",2,D,D_0805_2012Metric_Pad1.15x1.40mm_HandSolder,,,,smt
D2,1,LED,LED_0805_2012Metric_Pad1.15x1.40mm_HandSolder,,,,smt
D3,1,1N4148WS,D_SOD-323_HandSoldering,,,,smt
F1,1,Fuse,Fuse_0805_2012Metric_Pad1.15x1.40mm_HandSolder,,,,smt
"H1, H2, H3, H4",4,MountingHole,MountingHole_3.2mm_M3_DIN965_Pad,,,,tht
J1,1,DFplayerP1,PinSocket_1x08_P2.54mm_Vertical,,,,tht
J2,1,DFplayerP2,PinSocket_1x08_P2.54mm_Vertical,,,,tht
J3,1,CN5,IDC-Header_2x05_P2.54mm_Vertical,,,,tht
J4,1,CN6,PinHeader_1x05_P2.54mm_Vertical,,,,tht
J5,1,CN7,PinHeader_1x05_P2.54mm_Vertical,,,,tht
J6,1,CN1,PinHeader_1x06_P2.54mm_Vertical,,,,tht
J7,1,SPK,PinHeader_1x03_P2.54mm_Vertical,,,,tht
J8,1,DBG,PinHeader_1x03_P2.54mm_Vertical,,,,tht
J9,1,MIDIrx,PinHeader_1x01_P2.54mm_Vertical,,,,tht
P1,1,Digital,PinSocket_1x15_P2.54mm_Vertical,,,,tht
P2,1,Analog,PinSocket_1x15_P2.54mm_Vertical,,,,tht
"R1, R3, R5",3,1k,R_0805_2012Metric_Pad1.20x1.40mm_HandSolder,,,,smt
"R2, R4",2,470,R_0805_2012Metric_Pad1.20x1.40mm_HandSolder,,,,smt
U1,1,HCPL-0600,SOIC-8_3.9x4.9mm_P1.27mm,,,,smt
