﻿pos_x,pos_y,rotation,side,designator,mpn,pack,footprint,value,mount_type,place
-7.3935,33.147,180.0,top,C1,,,C_0805_2012Metric_Pad1.18x1.45mm_HandSolder,100nF,smt,True
4.284,38.267,0.0,top,C2,,,CP_Radial_D5.0mm_P2.50mm,470uF,tht,True
-30.256,26.797,0.0,top,C3,,,C_0805_2012Metric_Pad1.18x1.45mm_HandSolder,100nF,smt,True
3.3798,29.6414,0.0,top,D1,,,D_0805_2012Metric_Pad1.15x1.40mm_HandSolder,D,smt,True
3.329,32.537,180.0,top,D2,,,LED_0805_2012Metric_Pad1.15x1.40mm_HandSolder,LED,smt,True
-9.7235,18.547,0.0,top,D3,,,D_SOD-323_HandSoldering,1N4148WS,smt,True
-9.841,44.757,0.0,top,D4,,,D_0805_2012Metric_Pad1.15x1.40mm_HandSolder,D,smt,True
2.489,3.167,180.0,top,F1,,,Fuse_0805_2012Metric_Pad1.15x1.40mm_HandSolder,Fuse,smt,True
-50.176,46.228,0.0,top,H1,,,MountingHole_3.2mm_M3_DIN965_Pad,MountingHole,tht,True
8.824,46.228,0.0,top,H2,,,MountingHole_3.2mm_M3_DIN965_Pad,MountingHole,tht,True
8.824,-2.3114,0.0,top,H3,,,MountingHole_3.2mm_M3_DIN965_Pad,MountingHole,tht,True
-50.226,-2.143,0.0,top,H4,,,MountingHole_3.2mm_M3_DIN965_Pad,MountingHole,tht,True
-25.5524,26.797,180.0,top,J1,,,PinSocket_1x08_P2.54mm_Vertical,DFplayerP1,tht,True
-43.3324,26.797,180.0,top,J2,,,PinSocket_1x08_P2.54mm_Vertical,DFplayerP2,tht,True
10.414,12.1158,180.0,top,J3,,,IDC-Header_2x05_P2.54mm_Vertical,CN5,tht,True
-46.591347,17.794253,0.0,top,J4,,,PinHeader_1x05_P2.54mm_Vertical,CN6,tht,True
-34.754947,17.794253,0.0,top,J5,,,PinHeader_1x05_P2.54mm_Vertical,CN7,tht,True
-4.2418,-3.2512,-90.0,top,J6,,,PinHeader_1x06_P2.54mm_Vertical,CN1,tht,True
-44.211,-3.193,90.0,top,J7,,,PinHeader_1x03_P2.54mm_Vertical,SPK,tht,True
-34.226,-3.193,90.0,top,J8,,,PinHeader_1x03_P2.54mm_Vertical,DBG,tht,True
-24.386,-3.173,90.0,top,J9,,,PinHeader_1x01_P2.54mm_Vertical,MIDIrx,tht,True
-17.9324,44.577,0.0,top,P1,,,PinSocket_1x15_P2.54mm_Vertical,Digital,tht,True
-2.6924,44.577,0.0,top,P2,,,PinSocket_1x15_P2.54mm_Vertical,Analog,tht,True
-11.196,39.527,0.0,top,R1,,,R_0805_2012Metric_Pad1.20x1.40mm_HandSolder,1k,smt,True
8.214,31.487,-90.0,top,R2,,,R_0805_2012Metric_Pad1.20x1.40mm_HandSolder,470,smt,True
-22.926,20.017,180.0,top,R3,,,R_0805_2012Metric_Pad1.20x1.40mm_HandSolder,1k,smt,True
-11.5824,14.342,90.0,top,R4,,,R_0805_2012Metric_Pad1.20x1.40mm_HandSolder,470,smt,True
-22.896,16.667,180.0,top,R5,,,R_0805_2012Metric_Pad1.20x1.40mm_HandSolder,1k,smt,True
-10.311,25.802,90.0,top,U1,,,SOIC-8_3.9x4.9mm_P1.27mm,HCPL-0600,smt,True
